<?xml version="1.0" encoding="UTF-8"?>
<project-private xmlns="http://www.netbeans.org/ns/project-private/1">
    <editor-bookmarks xmlns="http://www.netbeans.org/ns/editor-bookmarks/2" lastBookmarkId="0"/>
    <open-files xmlns="http://www.netbeans.org/ns/projectui-open-files/2">
        <group>
            <file>file:/home/yahya/Java%20Project/crud/src/view/MainForm.java</file>
            <file>file:/home/yahya/Java%20Project/crud/src/view/SiswaForm.java</file>
            <file>file:/home/yahya/Java%20Project/crud/src/controller/config.java</file>
        </group>
    </open-files>
</project-private>
